{
  "Sine": {
    "precision": 0.7882736156351792,
    "recall": 0.6034912718204489,
    "f1-score": 0.6836158192090396,
    "support": 401.0
  },
  "Square": {
    "precision": 0.4740740740740741,
    "recall": 0.5423728813559322,
    "f1-score": 0.5059288537549407,
    "support": 118.0
  },
  "Sawtooth": {
    "precision": 0.3850574712643678,
    "recall": 0.5982142857142857,
    "f1-score": 0.46853146853146854,
    "support": 112.0
  },
  "Triangle": {
    "precision": 0.2962962962962963,
    "recall": 0.20253164556962025,
    "f1-score": 0.24060150375939848,
    "support": 79.0
  },
  "Noise": {
    "precision": 0.49193548387096775,
    "recall": 0.7261904761904762,
    "f1-score": 0.5865384615384616,
    "support": 84.0
  },
  "accuracy": 0.5667506297229219,
  "macro avg": {
    "precision": 0.48712738822817697,
    "recall": 0.5345601121301526,
    "f1-score": 0.49704322135866175,
    "support": 794.0
  },
  "weighted avg": {
    "precision": 0.604401618947891,
    "recall": 0.5667506297229219,
    "f1-score": 0.5725211867602715,
    "support": 794.0
  }
}