{
  "config": {
    "name": "classical_baseline_small",
    "embedding_dim": 512,
    "audio_architecture": "resnet",
    "batch_size": 32,
    "learning_rate": 0.0001,
    "num_epochs": 15,
    "use_quantum_attention": false,
    "dropout_rate": 0.1
  },
  "training_time_seconds": 1927.3104729652405,
  "final_train_loss": 0.19971481439742175,
  "final_val_loss": null,
  "best_val_loss": null,
  "train_loss_history": {
    "total": [
      2.3925697044892744,
      2.271017453887246,
      2.0994899706407026,
      1.8317531455646863,
      1.4345324310389431,
      1.1337165940891614,
      0.8160088116472418,
      0.5921375182541934,
      0.4262188835577531,
      0.3584259369156577,
      0.30322532897645776,
      0.30791950632225384,
      0.2567341442812573,
      0.21321167796850204,
      0.19971481439742175
    ],
    "contrastive": [
      3.3749203248457476,
      3.202026692303744,
      2.9573135267604482,
      2.5753586942499336,
      2.0093395709991455,
      1.5794967087832363,
      1.127634812485088,
      0.8087479147044095,
      0.5707837234843861,
      0.47454833713444794,
      0.3961707285859368,
      0.403548773039471,
      0.33131166073408996,
      0.27011161094362085,
      0.2516214034774087
    ],
    "archetype": [
      0.10373613035137003,
      0.10148183459585364,
      0.10013118318536064,
      0.09855535558678886,
      0.09288416531952945,
      0.09304798529906706,
      0.0868598608808084,
      0.08392531966621225,
      0.08651981705969031,
      0.08445326848463579,
      0.08315153149041263,
      0.08081605149941011,
      0.07738630676811392,
      0.07548436895012856,
      0.07178208299658516
    ]
  },
  "val_loss_history": {
    "total": []
  },
  "timestamp": "2025-11-27T13:54:40.270153"
}