{
  "config": {
    "name": "classical_ast",
    "embedding_dim": 768,
    "audio_architecture": "ast",
    "batch_size": 16,
    "learning_rate": 0.0001,
    "num_epochs": 15,
    "use_quantum_attention": false,
    "dropout_rate": 0.15
  },
  "training_time_seconds": 2183.52570605278,
  "final_train_loss": 0.7325308351289659,
  "final_val_loss": null,
  "best_val_loss": null,
  "train_loss_history": {
    "total": [
      1.9665288016909646,
      1.9626959164937336,
      1.9361979564030964,
      1.8746379727409,
      1.8437627099809193,
      1.779193600018819,
      1.740377658889407,
      1.6596659876051403,
      1.520278669538952,
      1.418875359353565,
      1.3029423384439378,
      1.158970140275501,
      0.9599698725200835,
      0.8466473590760004,
      0.7325308351289659
    ],
    "contrastive": [
      2.7659644399370467,
      2.7608512923831032,
      2.7248026529947915,
      2.636862561816261,
      2.5938143843696233,
      2.5021960735321045,
      2.4474936666942777,
      2.332040684563773,
      2.134134059860593,
      1.9896427620024908,
      1.8244037003744216,
      1.619371732076009,
      1.3363180330821447,
      1.1750816589310056,
      1.012726829165504
    ],
    "archetype": [
      0.10397413834219887,
      0.10373914809454055,
      0.09853351577406838,
      0.09841863828755561,
      0.09585000681025642,
      0.09439514187120256,
      0.09188435528249968,
      0.09214817129430317,
      0.08765871947010358,
      0.0861853299041589,
      0.0848222431682405,
      0.08274305523151443,
      0.07847130493748755,
      0.07607597981890042,
      0.07377651280590466
    ]
  },
  "val_loss_history": {
    "total": []
  },
  "timestamp": "2025-11-27T00:08:38.511729"
}