{
  "config": {
    "name": "classical_baseline_small",
    "embedding_dim": 512,
    "audio_architecture": "resnet",
    "batch_size": 32,
    "learning_rate": 0.0001,
    "num_epochs": 15,
    "use_quantum_attention": false,
    "dropout_rate": 0.1
  },
  "training_time_seconds": 1917.2378890514374,
  "final_train_loss": 0.2023357559334148,
  "final_val_loss": null,
  "best_val_loss": null,
  "train_loss_history": {
    "total": [
      2.4174556732177734,
      2.3040472269058228,
      2.1609839634461836,
      1.9326198426159946,
      1.6656767346642234,
      1.2623403722589666,
      0.9688744924285195,
      0.7260859879580411,
      0.5510518144477498,
      0.4263087050481276,
      0.3608706444501877,
      0.30074057253924286,
      0.28489489311521704,
      0.25361575050787494,
      0.2023357559334148
    ],
    "contrastive": [
      3.409748510880904,
      3.249150341207331,
      3.0449309565804223,
      2.7203396450389516,
      2.3391765247691763,
      1.764574180949818,
      1.3458535779606213,
      0.9986724582585421,
      0.7499166374856775,
      0.5705202140591361,
      0.47837073423645715,
      0.39235712723298505,
      0.37175423719666223,
      0.3271996622735804,
      0.2557323778217489
    ],
    "archetype": [
      0.10517102683132346,
      0.10086951946670358,
      0.10075873001055284,
      0.09546123445034027,
      0.09448376094753091,
      0.0890047817744992,
      0.08603152260184288,
      0.08720222183249214,
      0.0836419016122818,
      0.08729134567759254,
      0.08309946005994623,
      0.08299691297791222,
      0.07691422578963367,
      0.07590227980505336,
      0.06984822113405574
    ]
  },
  "val_loss_history": {
    "total": []
  },
  "timestamp": "2025-11-26T22:59:00.650376"
}