{
  "config": {
    "name": "classical_baseline_small",
    "embedding_dim": 512,
    "audio_architecture": "resnet",
    "batch_size": 32,
    "learning_rate": 0.0001,
    "num_epochs": 15,
    "use_quantum_attention": false,
    "dropout_rate": 0.1
  },
  "training_time_seconds": 9806.55076956749,
  "final_train_loss": 0.2858848828693916,
  "final_val_loss": null,
  "best_val_loss": null,
  "train_loss_history": {
    "total": [
      2.24145055022733,
      1.9816021220437412,
      1.7864589084838998,
      1.6460502867040963,
      1.4748155022489613,
      1.344760004302551,
      1.189572438083846,
      1.0463126825875249,
      0.8835577923676063,
      0.7453664348557077,
      0.6181981671473076,
      0.5111409299846353,
      0.41279240659084815,
      0.3589039000457731,
      0.2858848828693916
    ],
    "contrastive": [
      3.1632422722619156,
      2.795837757916286,
      2.519047744315246,
      2.3194883527426886,
      2.0760030715629973,
      1.890572108071426,
      1.6694904082808002,
      1.465344001506937,
      1.2331590765509113,
      1.0365274826000477,
      0.8550457384051948,
      0.7027006704231789,
      0.562570012078203,
      0.48580365422470817,
      0.38193300507705785
    ],
    "archetype": [
      0.09170512697691548,
      0.08031926304101944,
      0.07445964287838032,
      0.071408541905212,
      0.06778008394457143,
      0.06660910856364102,
      0.06460200006078029,
      0.06321642351946954,
      0.06220222290219932,
      0.05986862446598966,
      0.05933841465619104,
      0.05778764872330016,
      0.056602354434415185,
      0.05621342258206729,
      0.05491722463469567
    ]
  },
  "val_loss_history": {
    "total": []
  },
  "timestamp": "2025-12-06T00:30:32.560245"
}