{
  "config": {
    "name": "classical_baseline_large",
    "embedding_dim": 768,
    "audio_architecture": "resnet",
    "batch_size": 16,
    "learning_rate": 5e-05,
    "num_epochs": 15,
    "use_quantum_attention": false,
    "dropout_rate": 0.2
  },
  "training_time_seconds": 1990.3200290203094,
  "final_train_loss": 0.19272055938130334,
  "final_val_loss": null,
  "best_val_loss": null,
  "train_loss_history": {
    "total": [
      1.96215105624426,
      1.8781755481447493,
      1.7353965441385906,
      1.5158715134575254,
      1.2234759955179124,
      0.8828444878260294,
      0.637771223272596,
      0.452022271496909,
      0.37862745991774965,
      0.3180166454542251,
      0.2723498883701506,
      0.2336856254509517,
      0.22784651354664848,
      0.1752397779907499,
      0.19272055938130334
    ],
    "contrastive": [
      2.7591061932700023,
      2.6406716732751754,
      2.436564956392561,
      2.1246557519549416,
      1.7065396365665255,
      1.2221685676347642,
      0.8722273537090847,
      0.6073405203365144,
      0.5017974248954228,
      0.41627621224948336,
      0.35110566658633097,
      0.29729028542836505,
      0.2882714867591858,
      0.21505303113233476,
      0.23958312471707663
    ],
    "archetype": [
      0.10627755983954384,
      0.10169786569618043,
      0.102610934703123,
      0.09708074231942494,
      0.09842118407998766,
      0.089675706412111,
      0.08874289514053435,
      0.087358188948461,
      0.08967358388361477,
      0.08600429516463053,
      0.08568108294691358,
      0.08109991216943377,
      0.0836119158636956,
      0.07698853952544076,
      0.0786401154029937
    ]
  },
  "val_loss_history": {
    "total": []
  },
  "timestamp": "2025-11-26T23:32:12.882540"
}