{
  "config": {
    "name": "classical_ast",
    "embedding_dim": 768,
    "audio_architecture": "ast",
    "batch_size": 16,
    "learning_rate": 0.0001,
    "num_epochs": 15,
    "use_quantum_attention": false,
    "dropout_rate": 0.15
  },
  "training_time_seconds": 2243.8861377239227,
  "final_train_loss": 0.7028766756966001,
  "final_val_loss": null,
  "best_val_loss": null,
  "train_loss_history": {
    "total": [
      1.9688415357044764,
      1.9508923121861048,
      1.893110337711516,
      1.8549650453385853,
      1.824527002516247,
      1.7238218557266962,
      1.6671769789287023,
      1.5470346496218728,
      1.485545033500308,
      1.34176238377889,
      1.1974539274261111,
      1.084207778885251,
      0.9937027267047337,
      0.8114320153281802,
      0.7028766756966001
    ],
    "contrastive": [
      2.768474442618234,
      2.7446900549389066,
      2.66374219031561,
      2.60843555132548,
      2.5658379736400785,
      2.423525503703526,
      2.343151580719721,
      2.1714165608088174,
      2.0845642657507035,
      1.8786794117518835,
      1.6751971926007951,
      1.5131852115903581,
      1.3843272243227278,
      1.1256045216605777,
      0.9702629844347636
    ],
    "archetype": [
      0.10764116545518239,
      0.10194856389647439,
      0.09675572954473041,
      0.09974275068158195,
      0.0972884190934045,
      0.09185229206369036,
      0.09035538225656464,
      0.09102643103826613,
      0.08778142858119238,
      0.08963882816689354,
      0.08053824802239735,
      0.08157450333237648,
      0.08020184366475969,
      0.07453666343575432,
      0.07545155002957299
    ]
  },
  "val_loss_history": {
    "total": []
  },
  "timestamp": "2025-11-27T15:05:00.080671"
}