{
  "config": {
    "name": "classical_baseline_large",
    "embedding_dim": 768,
    "audio_architecture": "resnet",
    "batch_size": 16,
    "learning_rate": 5e-05,
    "num_epochs": 15,
    "use_quantum_attention": false,
    "dropout_rate": 0.2
  },
  "training_time_seconds": 1972.2573568820953,
  "final_train_loss": 0.18831887060687655,
  "final_val_loss": null,
  "best_val_loss": null,
  "train_loss_history": {
    "total": [
      1.9517002900441487,
      1.8499309505735124,
      1.7208510750815982,
      1.497470078014192,
      1.193602979183197,
      0.8685787036305382,
      0.650104025999705,
      0.46485254878089544,
      0.3936177903697604,
      0.3539807725520361,
      0.27427691008363453,
      0.23918197942631586,
      0.2370040395430156,
      0.20829793633449645,
      0.18831887060687655
    ],
    "contrastive": [
      2.7437734376816523,
      2.600829851059687,
      2.417180787949335,
      2.0981249128069197,
      1.6648728166307722,
      1.201639975820269,
      0.8896349214372181,
      0.6248094964595068,
      0.5235408814180464,
      0.46724010081518264,
      0.3541915090311141,
      0.3055575099729356,
      0.3015489223457518,
      0.26248169087228324,
      0.2328870374531973
    ],
    "archetype": [
      0.10769434344200861,
      0.09976501549993243,
      0.09770592656873521,
      0.09770684902157102,
      0.09432754630134219,
      0.08988686438117709,
      0.08962655315796535,
      0.09015874351773943,
      0.08857205545618421,
      0.08762650990060397,
      0.0846167082587878,
      0.07982739912612098,
      0.08295731672218867,
      0.0764438013235728,
      0.08018364225115095
    ]
  },
  "val_loss_history": {
    "total": []
  },
  "timestamp": "2025-11-27T14:27:34.346873"
}