{
  "config": {
    "name": "classical_ast",
    "embedding_dim": 768,
    "audio_architecture": "ast",
    "batch_size": 16,
    "learning_rate": 0.0001,
    "num_epochs": 15,
    "use_quantum_attention": false,
    "dropout_rate": 0.15
  },
  "training_time_seconds": 12849.374047756195,
  "final_train_loss": 0.695405514846588,
  "final_val_loss": null,
  "best_val_loss": null,
  "train_loss_history": {
    "total": [
      1.9017378513155312,
      1.7937624364577491,
      1.6921659461383163,
      1.6212247530448025,
      1.5492856497394627,
      1.4782899864788712,
      1.3868274447219124,
      1.2964841243008087,
      1.1928365199730313,
      1.1008372779550224,
      1.0258740646571949,
      0.9300051575590824,
      0.8327267398608142,
      0.7652735155204247,
      0.695405514846588
    ],
    "contrastive": [
      2.6781030913879134,
      2.5263749309654893,
      2.3829838463972353,
      2.282834149640182,
      2.1810483326172005,
      2.079962795664524,
      1.9499460386818852,
      1.8216838826393258,
      1.6740428107180472,
      1.5430636765628025,
      1.4362590256436119,
      1.299536037034002,
      1.1606843941684426,
      1.064556341875216,
      0.9651719218698042
    ],
    "archetype": [
      0.09178886265526044,
      0.08448963676547182,
      0.07885123284308818,
      0.07472073914611647,
      0.07149732594603095,
      0.07040786916582749,
      0.06836059957678461,
      0.06580237039075844,
      0.06460111657285998,
      0.06310374035243073,
      0.06241751476672703,
      0.06150780605344937,
      0.0613692155958892,
      0.06050512417829756,
      0.059211615673748066
    ]
  },
  "val_loss_history": {
    "total": []
  },
  "timestamp": "2025-12-06T06:48:04.319425"
}