{
  "config": {
    "name": "classical_baseline_large",
    "embedding_dim": 768,
    "audio_architecture": "resnet",
    "batch_size": 16,
    "learning_rate": 5e-05,
    "num_epochs": 15,
    "use_quantum_attention": false,
    "dropout_rate": 0.2
  },
  "training_time_seconds": 9801.271805047989,
  "final_train_loss": 0.23875348754869452,
  "final_val_loss": null,
  "best_val_loss": null,
  "train_loss_history": {
    "total": [
      1.7661857867035373,
      1.5107207668238674,
      1.361408386251022,
      1.2237997558610192,
      1.0838053478249188,
      0.9638911138834625,
      0.8581179650179271,
      0.7435644983859926,
      0.6147694411077376,
      0.5324061462848351,
      0.4451991376178018,
      0.38360158810070877,
      0.3250035974678808,
      0.27244724503493517,
      0.23875348754869452
    ],
    "contrastive": [
      2.483813826380105,
      2.1222060672168075,
      1.9109258125054425,
      1.715654961507896,
      1.516146038883719,
      1.34566138504908,
      1.194974489317372,
      1.0319475595164915,
      0.8484065733721544,
      0.7312830335878092,
      0.6068351244361236,
      0.5195718743549339,
      0.4362975437964859,
      0.36141428653279256,
      0.3135323383170983
    ],
    "archetype": [
      0.09317169796097381,
      0.08339936010025699,
      0.07743610986026711,
      0.07332339587396589,
      0.07191909072471075,
      0.06916115606396363,
      0.06778574058111629,
      0.06603651100384264,
      0.06454387747136683,
      0.06273379113428809,
      0.06255217551671226,
      0.060198074439540505,
      0.05899250142051485,
      0.058537546745983174,
      0.05790614217905135
    ]
  },
  "val_loss_history": {
    "total": []
  },
  "timestamp": "2025-12-06T03:13:54.366936"
}