{
  "config": {
    "name": "quantum_6qubit_depth2",
    "embedding_dim": 768,
    "audio_architecture": "resnet",
    "batch_size": 16,
    "learning_rate": 0.0001,
    "num_epochs": 15,
    "use_quantum_attention": true,
    "n_qubits": 6,
    "circuit_depth": 2,
    "dropout_rate": 0.3,
    "noise_strength": 0.1
  },
  "training_time_seconds": 2043.2264919281006,
  "final_train_loss": 0.19386113647903716,
  "final_val_loss": null,
  "best_val_loss": null,
  "train_loss_history": {
    "total": [
      1.9800780273619152,
      1.9123499109631492,
      1.834132234255473,
      1.7263731218519665,
      1.516646493048895,
      1.2764462402888708,
      1.0228040587334406,
      0.8238952784311204,
      0.5912192137468428,
      0.4518390226931799,
      0.34608442939463113,
      0.30248449529920307,
      0.25303253744329723,
      0.2315931816895803,
      0.19386113647903716
    ],
    "contrastive": [
      2.7851804324558804,
      2.6897793724423362,
      2.578266586576189,
      2.4259793758392334,
      2.1267343021574474,
      1.7849788381939842,
      1.4232146512894404,
      1.1398328088578724,
      0.8085792291732061,
      0.6090949915704273,
      0.4592830396833874,
      0.3971270436332339,
      0.32770773626509164,
      0.2983273956037703,
      0.24428847361178624
    ],
    "archetype": [
      0.10450491309165955,
      0.10119137700114932,
      0.10151489824056625,
      0.09669868559354827,
      0.09571367466733569,
      0.09023486219701313,
      0.08728490486031487,
      0.08402018160337493,
      0.08026122461472239,
      0.08172021788500604,
      0.07747629001027062,
      0.07769345527603513,
      0.07401916473394349,
      0.06982690770001639,
      0.07134739291809854
    ]
  },
  "val_loss_history": {
    "total": []
  },
  "timestamp": "2025-11-27T16:13:44.216913"
}