{
  "config": {
    "name": "quantum_4qubit_depth2",
    "embedding_dim": 768,
    "audio_architecture": "resnet",
    "batch_size": 16,
    "learning_rate": 0.0001,
    "num_epochs": 15,
    "use_quantum_attention": true,
    "n_qubits": 4,
    "circuit_depth": 2,
    "dropout_rate": 0.3,
    "noise_strength": 0.1
  },
  "training_time_seconds": 10473.783550024033,
  "final_train_loss": 0.420911684279041,
  "final_val_loss": null,
  "best_val_loss": null,
  "train_loss_history": {
    "total": [
      1.8084052528800636,
      1.5922075235124291,
      1.4420337327595414,
      1.3305397822425282,
      1.2341928683735173,
      1.138914910883739,
      1.0291329686497819,
      0.9446148609036001,
      0.8408784419298172,
      0.763118502651823,
      0.6846624499764936,
      0.6059107904418789,
      0.5581165411959177,
      0.5074022272280578,
      0.420911684279041
    ],
    "contrastive": [
      2.5446768115306724,
      2.2392786427818496,
      2.0265841062726646,
      1.868102520447353,
      1.7311397585375556,
      1.5955538713726505,
      1.4393377011192257,
      1.3191588806181118,
      1.1711509186646034,
      1.0606333948671818,
      0.948700467831102,
      0.8369358070194721,
      0.7683404887512583,
      0.6961342861940121,
      0.5731701740256414
    ],
    "archetype": [
      0.09245299276542561,
      0.08217572482656045,
      0.0762524711096595,
      0.073688384466644,
      0.07142060895546756,
      0.06982901167317197,
      0.06777342139133091,
      0.06607186391243133,
      0.06547969301905611,
      0.06370534812068117,
      0.06324004904559717,
      0.060948417024237325,
      0.062169368009500466,
      0.0612874001200343,
      0.059336754581730426
    ]
  },
  "val_loss_history": {
    "total": []
  },
  "timestamp": "2025-12-06T09:42:38.591588"
}