{
  "config": {
    "name": "quantum_8qubit_depth1",
    "embedding_dim": 768,
    "audio_architecture": "resnet",
    "batch_size": 16,
    "learning_rate": 0.0001,
    "num_epochs": 15,
    "use_quantum_attention": true,
    "n_qubits": 8,
    "circuit_depth": 1,
    "dropout_rate": 0.3,
    "noise_strength": 0.05
  },
  "training_time_seconds": 2129.8831310272217,
  "final_train_loss": 0.192730351572945,
  "final_val_loss": null,
  "best_val_loss": null,
  "train_loss_history": {
    "total": [
      1.9759103173301333,
      1.9162765741348267,
      1.832079876036871,
      1.722300302414667,
      1.6250598487399874,
      1.4955307358787173,
      1.2395290987832206,
      1.0012772253581457,
      0.7923620513507298,
      0.5445689857006073,
      0.4492548377740951,
      0.3346892318555287,
      0.28391411829562413,
      0.2549773795264108,
      0.192730351572945
    ],
    "contrastive": [
      2.7785894530160085,
      2.6943089848472956,
      2.5745955421811058,
      2.4201249168032692,
      2.2813316015970138,
      2.096933853058588,
      1.7319376809256417,
      1.3925617025012063,
      1.0942470857075282,
      0.7405767682052794,
      0.6059034239678156,
      0.44256546951475595,
      0.37176460666315897,
      0.3305652943395433,
      0.2425185222001303
    ],
    "archetype": [
      0.10662228365739186,
      0.10470490441435859,
      0.10371927455777213,
      0.09669496438332967,
      0.09694623344001316,
      0.0949772692152432,
      0.09241586107583273,
      0.08775445073843002,
      0.08658408834820702,
      0.0851038202998184,
      0.08010643738366309,
      0.0792449132672378,
      0.07381856051229295,
      0.07385236840872537,
      0.07146896049380302
    ]
  },
  "val_loss_history": {
    "total": []
  },
  "timestamp": "2025-11-27T16:49:16.181512"
}