{
  "config": {
    "name": "quantum_8qubit_depth1",
    "embedding_dim": 768,
    "audio_architecture": "resnet",
    "batch_size": 16,
    "learning_rate": 0.0001,
    "num_epochs": 15,
    "use_quantum_attention": true,
    "n_qubits": 8,
    "circuit_depth": 1,
    "dropout_rate": 0.3,
    "noise_strength": 0.05
  },
  "training_time_seconds": 11906.556862354279,
  "final_train_loss": 0.4670670205919907,
  "final_val_loss": null,
  "best_val_loss": null,
  "train_loss_history": {
    "total": [
      1.8204687969951794,
      1.5868158217134147,
      1.4573920399978244,
      1.3438029777387093,
      1.2414225558268612,
      1.1467173302481914,
      1.061239581555128,
      0.9696157330582882,
      0.8672201105489813,
      0.8014513080746963,
      0.7203626366781777,
      0.6422775522645178,
      0.5749150309711695,
      0.5160448684292878,
      0.4670670205919907
    ],
    "contrastive": [
      2.561857912047156,
      2.231378336918765,
      2.0481036233490912,
      1.8867863925366566,
      1.741587835653075,
      1.6068562151029193,
      1.4854840304830979,
      1.3547205424000477,
      1.20930369519468,
      1.1153875507157425,
      0.9999142214655876,
      0.888576522212604,
      0.7925461794667202,
      0.7091604162746206,
      0.638820337388536
    ],
    "archetype": [
      0.09269607402705426,
      0.08280618105019474,
      0.07760907960092199,
      0.07460930540451202,
      0.07109458261201608,
      0.06943527608307014,
      0.06692046069957573,
      0.06671363745559135,
      0.06379147522665303,
      0.06374243968005838,
      0.06247093237069403,
      0.061781260457917535,
      0.06129574984440516,
      0.059039887097054,
      0.06039615022018552
    ]
  },
  "val_loss_history": {
    "total": []
  },
  "timestamp": "2025-12-06T16:02:28.759345"
}