{
  "config": {
    "name": "quantum_8qubit_depth3_high_reg",
    "embedding_dim": 768,
    "audio_architecture": "resnet",
    "batch_size": 16,
    "learning_rate": 5e-05,
    "num_epochs": 15,
    "use_quantum_attention": true,
    "n_qubits": 8,
    "circuit_depth": 3,
    "dropout_rate": 0.4,
    "noise_strength": 0.15
  },
  "training_time_seconds": 11966.924250602722,
  "final_train_loss": 0.30068642771321125,
  "final_val_loss": null,
  "best_val_loss": null,
  "train_loss_history": {
    "total": [
      1.8284733110460742,
      1.591062986131372,
      1.4424324965682522,
      1.305419547932929,
      1.1976237232828963,
      1.0675442401191284,
      0.9542690924015539,
      0.8356570113321831,
      0.7439259629825066,
      0.6436588157225271,
      0.5680085376932703,
      0.45904412518801363,
      0.41177980081531507,
      0.3560755066894766,
      0.30068642771321125
    ],
    "contrastive": [
      2.572826908066355,
      2.2366361045118035,
      2.026265115059655,
      1.8316469434006462,
      1.6784170732415955,
      1.493107498976691,
      1.3318488913877258,
      1.163006144864806,
      1.0323647985170628,
      0.8895736074332019,
      0.7814754324740377,
      0.6264641715277885,
      0.5593102592332609,
      0.48001509264175746,
      0.4011119455099106
    ],
    "archetype": [
      0.09321198307363124,
      0.08482666308831038,
      0.07893527893285299,
      0.07551638353294854,
      0.07301605751352577,
      0.07156141555129454,
      0.06976760061586211,
      0.06794803628119929,
      0.06657358162618916,
      0.06517240150574723,
      0.06556752281552501,
      0.0635643308532649,
      0.0625303440470377,
      0.06161658758104875,
      0.06098573333744345
    ]
  },
  "val_loss_history": {
    "total": []
  },
  "timestamp": "2025-12-06T19:21:56.316768"
}