{
  "config": {
    "name": "quantum_4qubit_depth2",
    "embedding_dim": 768,
    "audio_architecture": "resnet",
    "batch_size": 16,
    "learning_rate": 0.0001,
    "num_epochs": 15,
    "use_quantum_attention": true,
    "n_qubits": 4,
    "circuit_depth": 2,
    "dropout_rate": 0.3,
    "noise_strength": 0.1
  },
  "training_time_seconds": 2076.5571360588074,
  "final_train_loss": 0.24217787491423742,
  "final_val_loss": null,
  "best_val_loss": null,
  "train_loss_history": {
    "total": [
      1.9698696931203206,
      1.8990752413159324,
      1.8324940204620361,
      1.7162620794205439,
      1.5448953026816958,
      1.3448982352302188,
      1.0812135054951622,
      0.8901462838763282,
      0.67805405883562,
      0.5414169771330697,
      0.3868050532681601,
      0.3512775890883945,
      0.30742907453150975,
      0.27893295671258655,
      0.24217787491423742
    ],
    "contrastive": [
      2.7702242533365884,
      2.669357878821237,
      2.576129913330078,
      2.410643906820388,
      2.1672095514479137,
      1.8827509255636306,
      1.5066317263103666,
      1.234044605777377,
      0.9326962715103513,
      0.7375598493076506,
      0.5166940376872108,
      0.46656366118362974,
      0.40424848596254986,
      0.36482316965148565,
      0.3135544877676737
    ],
    "archetype": [
      0.10642993343727929,
      0.10696352344183695,
      0.1014453096403962,
      0.10048937336319969,
      0.09602015642892747,
      0.09159958859284718,
      0.0890710371590796,
      0.0867869398068814,
      0.08131423273256846,
      0.08111854802284922,
      0.08133836853362265,
      0.07951596201885314,
      0.07936094506155877,
      0.07502983244402069,
      0.07125231481733776
    ]
  },
  "val_loss_history": {
    "total": []
  },
  "timestamp": "2025-11-27T15:39:38.907509"
}