{
  "config": {
    "name": "quantum_8qubit_depth3_high_reg",
    "embedding_dim": 768,
    "audio_architecture": "resnet",
    "batch_size": 16,
    "learning_rate": 5e-05,
    "num_epochs": 15,
    "use_quantum_attention": true,
    "n_qubits": 8,
    "circuit_depth": 3,
    "dropout_rate": 0.4,
    "noise_strength": 0.15
  },
  "training_time_seconds": 2181.9367549419403,
  "final_train_loss": 0.31882089092617943,
  "final_val_loss": null,
  "best_val_loss": null,
  "train_loss_history": {
    "total": [
      1.9771613961174375,
      1.9435423839659918,
      1.896312021073841,
      1.8208152396338326,
      1.7205260367620558,
      1.5930097273417883,
      1.4386066425414312,
      1.204073891753242,
      0.9833842601094928,
      0.8162498133523124,
      0.6311965045474824,
      0.4834339576108115,
      0.4551196637607756,
      0.36707159947781337,
      0.31882089092617943
    ],
    "contrastive": [
      2.7819936389014837,
      2.7330684321267262,
      2.6658477783203125,
      2.558906294050671,
      2.4172999404725575,
      2.23640707560948,
      2.0150810536884127,
      1.679719538915725,
      1.365444262822469,
      1.127244478180295,
      0.8626669985907418,
      0.6523329516251882,
      0.6118871697357723,
      0.487065179007394,
      0.4183477745169685
    ],
    "archetype": [
      0.101143445287432,
      0.10481901999030795,
      0.10477513145832788,
      0.1019710735196159,
      0.09654391947246733,
      0.09219851699613389,
      0.09460925913992382,
      0.09513007459186372,
      0.0907094521181924,
      0.08868596614116714,
      0.08976811401191212,
      0.08716074661129997,
      0.08721997305041268,
      0.08392766224486488,
      0.08327521596636091
    ]
  },
  "val_loss_history": {
    "total": []
  },
  "timestamp": "2025-11-27T17:25:40.984799"
}