{
  "config": {
    "name": "quantum_6qubit_depth2",
    "embedding_dim": 768,
    "audio_architecture": "resnet",
    "batch_size": 16,
    "learning_rate": 0.0001,
    "num_epochs": 15,
    "use_quantum_attention": true,
    "n_qubits": 6,
    "circuit_depth": 2,
    "dropout_rate": 0.3,
    "noise_strength": 0.1
  },
  "training_time_seconds": 10882.394892454147,
  "final_train_loss": 0.4315165288360982,
  "final_val_loss": null,
  "best_val_loss": null,
  "train_loss_history": {
    "total": [
      1.832296346282137,
      1.5925248604396294,
      1.4316397597049844,
      1.3201179532655354,
      1.1955389177490925,
      1.1327641738642906,
      1.0263343543328087,
      0.9361912425735901,
      0.8522127837199589,
      0.7599259896910396,
      0.6940091301141114,
      0.6286390827133738,
      0.5530894433373007,
      0.5024894114326814,
      0.4315165288360982
    ],
    "contrastive": [
      2.579144053418061,
      2.239760394240248,
      2.0118386036363143,
      1.8535270012658218,
      1.6763842116142142,
      1.5872821270905693,
      1.4350334431590706,
      1.307090314554757,
      1.1875894830144684,
      1.0558990355709503,
      0.9619612916019457,
      0.8692679496417786,
      0.7615595456084301,
      0.6896308532048916,
      0.5882728564841994
    ],
    "archetype": [
      0.09152411113910634,
      0.08201364333066961,
      0.07602285721403515,
      0.07261255157083787,
      0.07002900471782376,
      0.06829635206417277,
      0.06900325973100703,
      0.0661237932067236,
      0.06465230859687617,
      0.06425277956215472,
      0.06357106189082923,
      0.06136965541297506,
      0.0606921669176041,
      0.059527545998772156,
      0.059578255043718324
    ]
  },
  "val_loss_history": {
    "total": []
  },
  "timestamp": "2025-12-06T12:44:01.588097"
}